科目コード,URLサフィックス
S1407400,S1407400_S1_ja_JP_95.html
S1407410,S1407410_S1_ja_JP_133.html
S1408230,S1408230_S1_ja_JP_70.html
S1408240,S1408240_S1_ja_JP_111.html
S1407610,S1407610_S1_ja_JP_89.html
S1407620,S1407620_S1_ja_JP_128.html
S1408250,S1408250_S1_ja_JP_109.html
S1405850,S1405850_S1_ja_JP_12.html
S1408260,S1408260_S1_ja_JP_4.html
S1408270,S1408270_S1_ja_JP_158.html
S1400910,S1400910_S1_ja_JP_148.html
S1407460,S1407460_S1_ja_JP_259.html
S1408280,S1408280_S1_ja_JP_226.html
S1408290,S1408290_S1_ja_JP_239.html
S1408300,S1408300_S1_ja_JP_161.html
S1407210,S1407210_S1_ja_JP_218.html
S1407220,S1407220_S1_ja_JP_255.html
S1408310,S1408310_S1_ja_JP_152.html
S1408320,S1408320_S1_ja_JP_225.html
S1408330,S1408330_S1_ja_JP_264.html
S1401370,S1401370_S1_ja_JP_147.html
S1401580,S1401580_S1_ja_JP_168.html
S1403290,S1403290_S1_ja_JP_98.html
S1408340,S1408340_S1_ja_JP_135.html
S1408350,S1408350_S1_ja_JP_22.html
S1400580,S1400580_S1_ja_JP_19.html
S1408360,S1408360_S1_ja_JP_96.html
S1405860,S1405860_S1_ja_JP_6.html
S1408390,S1408390_S1_ja_JP_10.html
S1408400,S1408400_S1_ja_JP_223.html
S1408410,S1408410_S1_ja_JP_261.html
S1407700,S1407700_S1_ja_JP_164.html
S1408420,S1408420_S1_ja_JP_222.html
S1408430,S1408430_S1_ja_JP_260.html
S1408440,S1408440_S1_ja_JP_186.html
S1401870,S1401870_S1_ja_JP_85.html
S1408450,S1408450_S1_ja_JP_145.html
S1408460,S1408460_S1_ja_JP_199.html
S1408470,S1408470_S1_ja_JP_237.html
S1405190,S1405190_S1_ja_JP_24.html
S1405150,S1405150_S1_ja_JP_124.html
S1406210,S1406210_S1_ja_JP_40.html
S1405160,S1405160_S1_ja_JP_163.html
S1405740,S1405740_S1_ja_JP_162.html
S1408480,S1408480_S1_ja_JP_8.html
S1408490,S1408490_S1_ja_JP_229.html
S1408500,S1408500_S1_ja_JP_266.html
S1401120,S1401120_S1_ja_JP_220.html
S1408510,S1408510_S1_ja_JP_29.html
S1402320,S1402320_S1_ja_JP_123.html
S1407250,S1407250_S1_ja_JP_80.html
S1407260,S1407260_S1_ja_JP_118.html
S1408520,S1408520_S1_ja_JP_101.html
S1408530,S1408530_S1_ja_JP_247.html
S1406860,S1406860_S1_ja_JP_196.html
S1408540,S1408540_S1_ja_JP_252.html
